{"p+rGks3stIX62ztcUvy+kg==":"logo%20delta%20terbaru-90x100.png","d4MsVfX5dQX0quF3YlT0PA==":"background3.jpg","DQekBKvwOSISPMhc7suRnA==":"delta%20psikologi.webp","7zE0pNODwbJLnAdXihjoLg==":"delta%20psikologi4.webp","Z6MhYhOQOOz2+7ko/WQ+/w==":"background2.jpg","4ce0XZnmwvUJwHL6fjhlYw==":"arinto.webp","0mkS40HQAbDExUTdjul8DQ==":"bunda.webp","7ZDYrkneX/1nLw4fZoWbnA==":"bayu.webp","/rZRDEKQo7yyIeEAV5zzWA==":"bunda-1.webp","OEOMjqhfbQeMv5Gv5GN4Rg==":"bayu-1.webp","XRg9DXWy2MbcS1OyyE9fbg==":"bunda-2.webp","sfDbtsvbHBKMcfzKIdhjEQ==":"bunda-3.webp","3r/rGp70A8RjXjctSGJaHg==":"bunda-4.webp","toBYG+OhrZDc/n9sO4BIZg==":"bunda-5.webp","FAXxuAj+IF2jMhpiLDs8yw==":"arinto-1.webp","jY5TS3+rXYEzUXPC4SyhOw==":"bayu-2.webp","wBscIX4e4AsyMj4Yq3OCXA==":"bunda-6.webp","HVjculJOEVZK/MuKA401+w==":"bunda-7.webp","NMVcJD3bHa3j4Q5zzWgRsg==":"arinto-2.webp","uuZCE7sgo9bLojtgY0Owqw==":"bayu-3.webp","pfosCr1kGxYS99tnGXqgJw==":"bu%20rud.webp","EY62lKvtQzB9YWnDCcxUZg==":"andik.webp","AxBf/cQ6PkfcOmE/AwAhRA==":"halimah.webp","wCIEJXd+lpTNKAcsQDezMw==":"bu%20rud.webp","CupCyb6H5HEgbo6qmN8eCA==":"bu%20rud.webp","ra+CKu/Uqx84xQO/BE+rYg==":"bu%20rud.webp","PYV4sP3Ghsm1PrxBcY0AOw==":"andik-1.webp","x8AzyB716m7SIMvIzE3l4g==":"halimah-1.webp","5MXdsGnc36/rA5bIivgeSw==":"bu%20rud.webp","wFBGc+1RtaVMwWZq/5wBeQ==":"bu%20rud.webp","7LSvsgKk2MY2Idn1LjifvQ==":"tes%20kesiapan%20masuk%20sd.webp","CWhpfRmC3+u2hjVynxJ7lQ==":"delta%20psikologi3.webp","GzggDj18rA8yViLuyRxK/w==":"rekruitment1.webp","1fdsgqoovk4gWGVfTMk6QA==":"header-delta.webp","pFvM49NZUwQaOfHg0P/Chw==":"header-delta2.webp","TUTy+iNG76rZcfaYT6OmQA==":"motivasi.webp","ArWwud2eyw0U02etE7ggWw==":"motivasi-1.webp"}